<!--
$Id: herschel.ia.numeric.toolbox.xform.urm.xml,v 1.3 2008/03/19 19:54:16 tfulton Exp $
-->
    <section id="herschel.ia.numeric.toolbox.xform.urm">
      <title>The XFORM Toolbox</title>
      <para>
        This toolbox provides transformation functions and utilities.
      </para>
      <para>
        <screen> <emphasis role="bold">name-space:</emphasis> herschel.ia.numeric.toolbox.xform</screen>
      </para>
      <para>
          &herschel.ia.numeric.toolbox.xform-ref;
      </para>
    </section>

